H3,H1,L2,M1,L3
L2,H3,H2,L1,L3
L2,H2,H2,L3,L2
H2,L3,M1,L3,H1
H3,L3,H2,L1,GL
L3,M1,L3,L3,L2
L1,L3,H1,L3,L3
M1,L1,L3,L3,L1
L2,L1,H3,H2,L2
L2,H3,L1,L3,L3
L1,L1,L3,L2,L3
H2,L3,H2,L2,L2
H2,H3,L1,L3,L2
L3,L2,L2,L1,L2
L2,L2,H3,L2,L1
H1,L1,L1,L2,L3
L1,L2,L1,H3,L2
H1,L2,L2,L1,L2
L1,H2,L3,M1,M1
M1,M1,BN,L3,M1
H2,L2,L3,L3,L3
L2,L3,L3,L1,L1
L3,L2,M1,H3,L1
H3,H2,L2,L2,L3
BN,L3,L3,L2,L2
L2,L3,L2,L3,L2
L3,L1,L2,H3,H2
L1,L2,H2,L2,L1
L3,L3,L2,L1,L2
L1,L1,M1,BN,L3
L1,H2,L2,L1,H3
L3,L1,L3,H3,M1
M1,GL,L1,L3,H2
H3,L2,H3,L2,L3
L3,L1,L1,L1,H3
L3,L3,H1,H2,M1
GL,L1,L3,L3,BN
L1,L3,L3,L2,L2
L1,L1,L1,L2,L1
H3,L3,H3,H3,H3
L2,L1,L2,L2,L1
M1,L3,L3,L1,M1
L2,L1,L3,M1,L2
L3,L3,L1,M1,L2
M1,BN,L3,M1,H2
L2,L1,L2,L3,M1
L3,L2,L1,L3,L1
L3,L1,M1,H1,L1
H2,H3,L2,M1,L3
L1,L2,L2,H3,L3
M1,L2,M1,L1,L3
BN,H1,H3,L2,H1
L3,L1,L3,L3,L2
L1,L2,M1,L3,L2
L1,H1,M1,BN,L3
L3,L2,M1,L1,H2
M1,L3,L1,L1,H1
L3,L1,H2,M1,L2
L1,L2,L2,L1,H3
L2,L1,L1,L3,L3
M1,M1,L1,L2,L3
L3,L3,L3,L3,M1
L3,L1,M1,L3,L3
M1,L2,H3,H2,L3
L1,L3,L1,H3,H3
L2,M1,BN,L1,L1
M1,L3,L3,M1,H2
L2,BN,M1,M1,L3
L2,L2,L3,L2,M1
L2,L3,L3,H2,L3
H3,M1,L2,L2,H2
L1,M1,L1,L3,H3
L3,L2,L2,L3,L1
L1,L3,L2,L2,L1
H1,M1,L3,L2,L1
L1,L2,H3,L3,M1
L2,L2,L2,L2,L3
L2,L2,H3,L2,L3
M1,L2,L1,GL,L3
L2,L3,H1,L1,L1
L1,H3,L3,H3,L1
L2,H2,L1,M1,L1
H3,L3,L2,L3,L2
L2,M1,M1,L2,M1
M1,M1,L3,L3,L2
L3,L3,L2,H1,L1
H3,H3,L1,H2,L1
L2,M1,L1,H1,L2
H1,L3,L2,L1,H1
L3,L1,L3,L3,L2
L3,H3,L2,H2,H3
L1,H3,L1,L1,H3
H2,M1,H1,M1,M1
L1,H2,L3,L2,L3
L3,L1,M1,L1,BN
L3,L2,L3,H1,L1
L3,H1,GL,L2,L1
L3,L3,L3,M1,L2
L3,L3,L2,L1,L3
L2,M1,L1,L1,M1
