GL,L2,H2,L2,H3
L2,M1,GL,L2,L3
L3,H3,L2,L3,L1
L1,L3,H1,L2,L1
L1,L3,L1,L3,L2
L3,L3,H2,L3,M1
L2,L1,L1,H3,L1
M1,L1,L3,M1,L1
BN,L3,L2,L3,L1
L2,L2,L2,L2,L2
L3,L3,H3,L1,L3
H3,L2,L3,L3,H2
L2,L3,H3,H3,L3
L3,L3,L2,H2,M1
L2,L2,L3,L2,L3
L3,L1,L2,L2,GL
M1,L2,L2,L3,L1
H3,L2,L3,L3,L3
M1,L1,M1,L1,L3
L2,M1,L1,M1,L3
L1,L3,L3,L2,L2
L3,H3,H2,L2,H1
L1,L2,L2,L1,H3
L3,L1,L1,L2,H1
M1,L1,L2,L1,M1
H2,L1,L3,M1,L3
H3,L3,L3,L1,L1
L2,L2,L3,L3,L2
M1,L3,L2,L3,BN
H2,M1,L1,L3,L2
L2,L2,L2,H1,H2
L2,L3,L1,H2,L3
H3,H3,L1,L3,L1
L3,H3,L3,L2,L3
L3,H2,L1,L3,L3
L3,L1,H1,L1,L2
H2,L3,L1,L1,L2
H1,L3,L1,L3,L2
L3,L3,M1,L1,L2
L2,L1,L3,L1,L1
L2,M1,L2,L1,M1
M1,L3,H3,L2,L3
L1,L2,L3,L1,H2
L1,L3,L2,L1,H2
M1,M1,L3,H2,L2
L3,L1,L1,M1,L2
L2,L2,L3,H3,L2
L3,M1,L1,L3,H2
M1,L2,L3,M1,L1
L3,L1,M1,M1,L2
L2,L3,BN,L3,M1
L1,L1,M1,L3,L3
L1,H1,M1,L3,L2
L1,L3,L1,L2,L3
L2,H1,M1,H3,L3
M1,L2,L3,H3,M1
H2,M1,H3,L3,M1
H2,L1,H2,L2,L1
L2,H2,M1,L3,L3
L3,L2,L3,L2,L3
L1,H3,L3,L2,L3
L1,M1,L2,L2,H3
L1,L1,H1,M1,M1
L3,L2,L3,L3,M1
M1,L1,L2,L1,L2
L3,H2,H2,L1,H3
H3,BN,H3,L2,L1
M1,L3,L1,L2,L1
L2,H3,M1,L2,H3
L1,L3,L2,H2,L2
H3,L1,L1,L1,H1
H1,L2,M1,H3,M1
L2,L3,L2,M1,L3
L2,H1,L2,L2,L2
L2,L1,L3,H3,L3
L1,H2,L2,L3,H3
H3,H2,H1,H1,L2
L3,L2,L2,L2,L3
L3,H3,L2,L3,L2
L1,H3,H3,H2,L3
L2,GL,L1,L3,L2
L2,M1,H3,H2,L2
L1,L1,L3,L1,H3
L1,L3,L1,H1,M1
L2,L2,H3,GL,L1
L3,L1,M1,L3,L1
H1,L1,M1,H3,L1
H2,L2,L3,L1,L1
L3,L2,H2,L1,L1
L3,L2,L2,M1,L2
H3,H2,L2,BN,H2
L1,M1,L3,M1,L3
H1,L3,L3,L2,M1
M1,H1,L1,L3,L1
L3,M1,M1,M1,L1
L2,L2,L3,L1,L3
L1,M1,L1,L1,H1
L3,L3,L2,L2,L3
L3,L2,L1,M1,H3
L1,L3,L3,H1,L2
